,PMT NO,PAYMENT DATE,BEGINNING BALANCE,SCHEDULED PAYMENT,EXTRA PAYMENT,TOTAL PAYMENT,PRINCIPAL,INTEREST,ENDING BALANCE,MORTGAGE INSURANCE,PMI,TAX PAYMENT,TOTAL PAYMENT W ESCROW,PAYMENT YEAR
10,11,2022-12-01,176707.01,850,0,850,334.6,515.4,176372.41,8.33,75,8.33,941.67,2022
22,23,2023-12-01,172626.71,850,0,850,346.51,503.49,172280.21,8.33,75,8.33,941.67,2023
34,35,2024-12-01,168401.29,850,0,850,358.83,491.17,168042.46,8.33,75,8.33,941.67,2024
46,47,2025-12-01,164025.59,850,0,850,371.59,478.41,163654.0,8.33,75,8.33,941.67,2025
58,59,2026-12-01,159494.25,850,0,850,384.81,465.19,159109.44,8.33,0,8.33,866.67,2026
70,71,2027-12-01,154801.75,850,0,850,398.49,451.51,154403.26,8.33,0,8.33,866.67,2027
82,83,2028-12-01,149942.35,850,0,850,412.67,437.33,149529.68,8.33,0,8.33,866.67,2028
94,95,2029-12-01,144910.12,850,0,850,427.35,422.65,144482.77,8.33,0,8.33,866.67,2029
106,107,2030-12-01,139698.9,850,0,850,442.54,407.46,139256.36,8.33,0,8.33,866.67,2030
118,119,2031-12-01,134302.34,850,0,850,458.28,391.72,133844.06,8.33,0,8.33,866.67,2031
130,131,2032-12-01,128713.84,850,0,850,474.58,375.42,128239.25,8.33,0,8.33,866.67,2032
142,143,2033-12-01,122926.57,850,0,850,491.46,358.54,122435.11,8.33,0,8.33,866.67,2033
154,155,2034-12-01,116933.47,850,0,850,508.94,341.06,116424.53,8.33,0,8.33,866.67,2034
166,167,2035-12-01,110727.21,850,0,850,527.05,322.95,110200.16,8.33,0,8.33,866.67,2035
178,179,2036-12-01,104300.21,850,0,850,545.79,304.21,103754.42,8.33,0,8.33,866.67,2036
190,191,2037-12-01,97644.63,850,0,850,565.2,284.8,97079.42,8.33,0,8.33,866.67,2037
202,203,2038-12-01,90752.32,850,0,850,585.31,264.69,90167.02,8.33,0,8.33,866.67,2038
214,215,2039-12-01,83614.88,850,0,850,606.12,243.88,83008.76,8.33,0,8.33,866.67,2039
226,227,2040-12-01,76223.58,850,0,850,627.68,222.32,75595.9,8.33,0,8.33,866.67,2040
238,239,2041-12-01,68569.4,850,0,850,650.01,199.99,67919.39,8.33,0,8.33,866.67,2041
250,251,2042-12-01,60642.97,850,0,850,673.12,176.88,59969.85,8.33,0,8.33,866.67,2042
262,263,2043-12-01,52434.63,850,0,850,697.07,152.93,51737.57,8.33,0,8.33,866.67,2043
274,275,2044-12-01,43934.35,850,0,850,721.86,128.14,43212.49,8.33,0,8.33,866.67,2044
286,287,2045-12-01,35131.73,850,0,850,747.53,102.47,34384.2,8.33,0,8.33,866.67,2045
298,299,2046-12-01,26016.03,850,0,850,774.12,75.88,25241.91,8.33,0,8.33,866.67,2046
310,311,2047-12-01,16576.12,850,0,850,801.65,48.35,15774.47,8.33,0,8.33,866.67,2047
322,323,2048-12-01,6800.45,850,0,850,830.17,19.83,5970.29,8.33,0,8.33,866.67,2048
